job_title,company,location,url,scraped_at
Senior Python Developer,"Payne, Roberts and Davis","Stewartbury, AA",https://realpython.github.iohttps://www.realpython.com,2026-04-11 20:28:48
Energy engineer,Vasquez-Davidson,"Christopherville, AA",https://realpython.github.iohttps://www.realpython.com,2026-04-11 20:28:48
Legal executive,"Jackson, Chambers and Levy","Port Ericaburgh, AA",https://realpython.github.iohttps://www.realpython.com,2026-04-11 20:28:48
Fitness centre manager,Savage-Bradley,"East Seanview, AP",https://realpython.github.iohttps://www.realpython.com,2026-04-11 20:28:48
Product manager,Ramirez Inc,"North Jamieview, AP",https://realpython.github.iohttps://www.realpython.com,2026-04-11 20:28:48
Medical technical officer,Rogers-Yates,"Davidville, AP",https://realpython.github.iohttps://www.realpython.com,2026-04-11 20:28:48
Physiological scientist,Kramer-Klein,"South Christopher, AE",https://realpython.github.iohttps://www.realpython.com,2026-04-11 20:28:48
Textile designer,Meyers-Johnson,"Port Jonathan, AE",https://realpython.github.iohttps://www.realpython.com,2026-04-11 20:28:48
Television floor manager,Hughes-Williams,"Osbornetown, AE",https://realpython.github.iohttps://www.realpython.com,2026-04-11 20:28:48
Waste management officer,"Jones, Williams and Villa","Scotttown, AP",https://realpython.github.iohttps://www.realpython.com,2026-04-11 20:28:48
Software Engineer (Python),Garcia PLC,"Ericberg, AE",https://realpython.github.iohttps://www.realpython.com,2026-04-11 20:28:48
Interpreter,Gregory and Sons,"Ramireztown, AE",https://realpython.github.iohttps://www.realpython.com,2026-04-11 20:28:48
Architect,"Clark, Garcia and Sosa","Figueroaview, AA",https://realpython.github.iohttps://www.realpython.com,2026-04-11 20:28:48
Meteorologist,Bush PLC,"Kelseystad, AA",https://realpython.github.iohttps://www.realpython.com,2026-04-11 20:28:48
Audiological scientist,Salazar-Meyers,"Williamsburgh, AE",https://realpython.github.iohttps://www.realpython.com,2026-04-11 20:28:48
English as a second language teacher,"Parker, Murphy and Brooks","Mitchellburgh, AE",https://realpython.github.iohttps://www.realpython.com,2026-04-11 20:28:48
Surgeon,Cruz-Brown,"West Jessicabury, AA",https://realpython.github.iohttps://www.realpython.com,2026-04-11 20:28:48
Equities trader,Macdonald-Ferguson,"Maloneshire, AE",https://realpython.github.iohttps://www.realpython.com,2026-04-11 20:28:48
Newspaper journalist,"Williams, Peterson and Rojas","Johnsonton, AA",https://realpython.github.iohttps://www.realpython.com,2026-04-11 20:28:48
Materials engineer,Smith and Sons,"South Davidtown, AP",https://realpython.github.iohttps://www.realpython.com,2026-04-11 20:28:48
Python Programmer (Entry-Level),"Moss, Duncan and Allen","Port Sara, AE",https://realpython.github.iohttps://www.realpython.com,2026-04-11 20:28:48
Product/process development scientist,Gomez-Carroll,"Marktown, AA",https://realpython.github.iohttps://www.realpython.com,2026-04-11 20:28:48
"Scientist, research (maths)","Manning, Welch and Herring","Laurenland, AE",https://realpython.github.iohttps://www.realpython.com,2026-04-11 20:28:48
Ecologist,"Lee, Gutierrez and Brown","Lauraton, AP",https://realpython.github.iohttps://www.realpython.com,2026-04-11 20:28:48
Materials engineer,"Davis, Serrano and Cook","South Tammyberg, AP",https://realpython.github.iohttps://www.realpython.com,2026-04-11 20:28:48
Historic buildings inspector/conservation officer,Smith LLC,"North Brandonville, AP",https://realpython.github.iohttps://www.realpython.com,2026-04-11 20:28:48
Data scientist,Thomas Group,"Port Robertfurt, AA",https://realpython.github.iohttps://www.realpython.com,2026-04-11 20:28:48
Psychiatrist,Silva-King,"Burnettbury, AE",https://realpython.github.iohttps://www.realpython.com,2026-04-11 20:28:48
Structural engineer,Pierce-Long,"Herbertside, AA",https://realpython.github.iohttps://www.realpython.com,2026-04-11 20:28:48
Immigration officer,Walker-Simpson,"Christopherport, AP",https://realpython.github.iohttps://www.realpython.com,2026-04-11 20:28:48
Python Programmer (Entry-Level),Cooper and Sons,"West Victor, AE",https://realpython.github.iohttps://www.realpython.com,2026-04-11 20:28:48
Neurosurgeon,"Donovan, Gonzalez and Figueroa","Port Aaron, AP",https://realpython.github.iohttps://www.realpython.com,2026-04-11 20:28:48
Broadcast engineer,"Morgan, Butler and Bennett","Loribury, AA",https://realpython.github.iohttps://www.realpython.com,2026-04-11 20:28:48
Make,Snyder-Lee,"Angelastad, AP",https://realpython.github.iohttps://www.realpython.com,2026-04-11 20:28:48
"Nurse, adult",Harris PLC,"Larrytown, AE",https://realpython.github.iohttps://www.realpython.com,2026-04-11 20:28:48
Air broker,Washington PLC,"West Colin, AP",https://realpython.github.iohttps://www.realpython.com,2026-04-11 20:28:48
"Editor, film/video","Brown, Price and Campbell","West Stephanie, AP",https://realpython.github.iohttps://www.realpython.com,2026-04-11 20:28:48
"Production assistant, radio",Mcgee PLC,"Laurentown, AP",https://realpython.github.iohttps://www.realpython.com,2026-04-11 20:28:48
"Engineer, communications",Dixon Inc,"Wrightberg, AP",https://realpython.github.iohttps://www.realpython.com,2026-04-11 20:28:48
Sales executive,"Thompson, Sheppard and Ward","Alberttown, AE",https://realpython.github.iohttps://www.realpython.com,2026-04-11 20:28:48
Software Developer (Python),Adams-Brewer,"Brockburgh, AE",https://realpython.github.iohttps://www.realpython.com,2026-04-11 20:28:48
Futures trader,Schneider-Brady,"North Jason, AE",https://realpython.github.iohttps://www.realpython.com,2026-04-11 20:28:48
Tour manager,Gonzales-Frank,"Arnoldhaven, AE",https://realpython.github.iohttps://www.realpython.com,2026-04-11 20:28:48
Cytogeneticist,Smith-Wong,"Lake Destiny, AP",https://realpython.github.iohttps://www.realpython.com,2026-04-11 20:28:48
"Designer, multimedia",Pierce-Herrera,"South Timothyburgh, AP",https://realpython.github.iohttps://www.realpython.com,2026-04-11 20:28:48
Trade union research officer,"Aguilar, Rivera and Quinn","New Jimmyton, AE",https://realpython.github.iohttps://www.realpython.com,2026-04-11 20:28:48
"Chemist, analytical","Lowe, Barnes and Thomas","New Lucasbury, AP",https://realpython.github.iohttps://www.realpython.com,2026-04-11 20:28:48
"Programmer, multimedia","Lewis, Gonzalez and Vasquez","Port Cory, AE",https://realpython.github.iohttps://www.realpython.com,2026-04-11 20:28:48
"Engineer, broadcasting (operations)",Taylor PLC,"Gileston, AA",https://realpython.github.iohttps://www.realpython.com,2026-04-11 20:28:48
"Teacher, primary school","Oliver, Jones and Ramirez","Cindyshire, AA",https://realpython.github.iohttps://www.realpython.com,2026-04-11 20:28:48
Python Developer,Rivera and Sons,"East Michaelfort, AA",https://realpython.github.iohttps://www.realpython.com,2026-04-11 20:28:48
Manufacturing systems engineer,Garcia PLC,"Joybury, AE",https://realpython.github.iohttps://www.realpython.com,2026-04-11 20:28:48
"Producer, television/film/video","Johnson, Wells and Kramer","Emmatown, AE",https://realpython.github.iohttps://www.realpython.com,2026-04-11 20:28:48
"Scientist, forensic",Gonzalez LLC,"Colehaven, AP",https://realpython.github.iohttps://www.realpython.com,2026-04-11 20:28:48
Bonds trader,"Morgan, White and Macdonald","Port Coryton, AE",https://realpython.github.iohttps://www.realpython.com,2026-04-11 20:28:48
Editorial assistant,Robinson-Fitzpatrick,"Amyborough, AA",https://realpython.github.iohttps://www.realpython.com,2026-04-11 20:28:48
Photographer,"Waters, Wilson and Hoover","Reynoldsville, AA",https://realpython.github.iohttps://www.realpython.com,2026-04-11 20:28:48
Retail banker,Hill LLC,"Port Billy, AP",https://realpython.github.iohttps://www.realpython.com,2026-04-11 20:28:48
Jewellery designer,Li-Gregory,"Adamburgh, AA",https://realpython.github.iohttps://www.realpython.com,2026-04-11 20:28:48
Ophthalmologist,"Fisher, Ryan and Coleman","Wilsonmouth, AA",https://realpython.github.iohttps://www.realpython.com,2026-04-11 20:28:48
"Back-End Web Developer (Python, Django)",Stewart-Alexander,"South Kimberly, AA",https://realpython.github.iohttps://www.realpython.com,2026-04-11 20:28:48
Licensed conveyancer,Abbott and Sons,"Benjaminland, AP",https://realpython.github.iohttps://www.realpython.com,2026-04-11 20:28:48
Futures trader,"Bryant, Santana and Davenport","Zacharyport, AA",https://realpython.github.iohttps://www.realpython.com,2026-04-11 20:28:48
Counselling psychologist,Smith PLC,"Port Devonville, AE",https://realpython.github.iohttps://www.realpython.com,2026-04-11 20:28:48
Insurance underwriter,Patterson-Singh,"East Thomas, AE",https://realpython.github.iohttps://www.realpython.com,2026-04-11 20:28:48
"Engineer, automotive",Martinez-Berry,"New Jeffrey, AP",https://realpython.github.iohttps://www.realpython.com,2026-04-11 20:28:48
"Producer, radio","May, Taylor and Fisher","Davidside, AA",https://realpython.github.iohttps://www.realpython.com,2026-04-11 20:28:48
Dispensing optician,"Bailey, Owen and Thompson","Jamesville, AA",https://realpython.github.iohttps://www.realpython.com,2026-04-11 20:28:48
"Designer, fashion/clothing",Vasquez Ltd,"New Kelly, AP",https://realpython.github.iohttps://www.realpython.com,2026-04-11 20:28:48
Chartered loss adjuster,Leblanc LLC,"Lake Antonio, AA",https://realpython.github.iohttps://www.realpython.com,2026-04-11 20:28:48
"Back-End Web Developer (Python, Django)","Jackson, Ali and Mckee","New Elizabethside, AA",https://realpython.github.iohttps://www.realpython.com,2026-04-11 20:28:48
Forest/woodland manager,"Blankenship, Knight and Powell","Millsbury, AE",https://realpython.github.iohttps://www.realpython.com,2026-04-11 20:28:48
Clinical cytogeneticist,"Patton, Haynes and Jones","Lloydton, AP",https://realpython.github.iohttps://www.realpython.com,2026-04-11 20:28:48
Print production planner,Wood Inc,"Port Jeremy, AA",https://realpython.github.iohttps://www.realpython.com,2026-04-11 20:28:48
Systems developer,Collins Group,"New Elizabethtown, AA",https://realpython.github.iohttps://www.realpython.com,2026-04-11 20:28:48
Graphic designer,Flores-Nelson,"Charlesstad, AE",https://realpython.github.iohttps://www.realpython.com,2026-04-11 20:28:48
Writer,"Mitchell, Jones and Olson","Josephbury, AE",https://realpython.github.iohttps://www.realpython.com,2026-04-11 20:28:48
Field seismologist,Howard Group,"Seanfurt, AA",https://realpython.github.iohttps://www.realpython.com,2026-04-11 20:28:48
Chief Strategy Officer,Kramer-Edwards,"Williambury, AA",https://realpython.github.iohttps://www.realpython.com,2026-04-11 20:28:48
Air cabin crew,Berry-Houston,"South Jorgeside, AP",https://realpython.github.iohttps://www.realpython.com,2026-04-11 20:28:48
Python Programmer (Entry-Level),Mathews Inc,"Robertborough, AP",https://realpython.github.iohttps://www.realpython.com,2026-04-11 20:28:48
Warden/ranger,Riley-Johnson,"South Saratown, AP",https://realpython.github.iohttps://www.realpython.com,2026-04-11 20:28:48
Sports therapist,Spencer and Sons,"Hullview, AA",https://realpython.github.iohttps://www.realpython.com,2026-04-11 20:28:48
Arts development officer,Camacho-Sanchez,"Philipland, AP",https://realpython.github.iohttps://www.realpython.com,2026-04-11 20:28:48
Printmaker,Oliver and Sons,"North Patty, AE",https://realpython.github.iohttps://www.realpython.com,2026-04-11 20:28:48
Health and safety adviser,Eaton PLC,"North Stephen, AE",https://realpython.github.iohttps://www.realpython.com,2026-04-11 20:28:48
Manufacturing systems engineer,Stanley-Frederick,"Stevensland, AP",https://realpython.github.iohttps://www.realpython.com,2026-04-11 20:28:48
"Programmer, applications",Bradley LLC,"Reyesstad, AE",https://realpython.github.iohttps://www.realpython.com,2026-04-11 20:28:48
Medical physicist,"Parker, Goodwin and Zavala","Bellberg, AP",https://realpython.github.iohttps://www.realpython.com,2026-04-11 20:28:48
Media planner,Kim-Miles,"North Johnland, AE",https://realpython.github.iohttps://www.realpython.com,2026-04-11 20:28:48
Software Developer (Python),Moreno-Rodriguez,"Martinezburgh, AE",https://realpython.github.iohttps://www.realpython.com,2026-04-11 20:28:48
"Surveyor, land/geomatics",Brown-Ortiz,"Joshuatown, AE",https://realpython.github.iohttps://www.realpython.com,2026-04-11 20:28:48
Legal executive,Hartman PLC,"West Ericstad, AA",https://realpython.github.iohttps://www.realpython.com,2026-04-11 20:28:48
"Librarian, academic",Brooks Inc,"Tuckertown, AE",https://realpython.github.iohttps://www.realpython.com,2026-04-11 20:28:48
Barrister,Washington-Castillo,"Perezton, AE",https://realpython.github.iohttps://www.realpython.com,2026-04-11 20:28:48
Museum/gallery exhibitions officer,"Nguyen, Yoder and Petty","Lake Abigail, AE",https://realpython.github.iohttps://www.realpython.com,2026-04-11 20:28:48
"Radiographer, diagnostic",Holder LLC,"Jacobshire, AP",https://realpython.github.iohttps://www.realpython.com,2026-04-11 20:28:48
Database administrator,Yates-Ferguson,"Port Susan, AE",https://realpython.github.iohttps://www.realpython.com,2026-04-11 20:28:48
Furniture designer,Ortega-Lawrence,"North Tiffany, AA",https://realpython.github.iohttps://www.realpython.com,2026-04-11 20:28:48
Ship broker,"Fuentes, Walls and Castro","Michelleville, AP",https://realpython.github.iohttps://www.realpython.com,2026-04-11 20:28:48
